,geography_code,income_status,Savings and Investments of Adults in the Family of the Individual,variable_name,value,date,population,percent
0,E12000001,In low income (below threshold),"Less than £1,500",population,93746.33333333333,1994-95 - 1996-97,2543594.0,4.0
1,E12000001,In low income (below threshold),No savings,population,400444.0,1994-95 - 1996-97,2543594.0,16.0
2,E12000001,In low income (below threshold),"£1,500 but less than £3,000",population,31198.0,1994-95 - 1996-97,2543594.0,1.0
3,E12000001,In low income (below threshold),"£10,000 but less than £16,000",population,15133.333333333334,1994-95 - 1996-97,2543594.0,1.0
4,E12000001,In low income (below threshold),"£16,000 but less than £20,000",population,7196.0,1994-95 - 1996-97,2543594.0,0.0
5,E12000001,In low income (below threshold),"£20,000 or more",population,15081.0,1994-95 - 1996-97,2543594.0,1.0
6,E12000001,In low income (below threshold),"£3,000 but less than £8,000",population,41397.0,1994-95 - 1996-97,2543594.0,2.0
7,E12000001,In low income (below threshold),"£8,000 but less than £10,000",population,4384.0,1994-95 - 1996-97,2543594.0,0.0
16,E12000002,In low income (below threshold),"Less than £1,500",population,213197.66666666666,1994-95 - 1996-97,6719032.333333333,3.0
17,E12000002,In low income (below threshold),No savings,population,893619.3333333334,1994-95 - 1996-97,6719032.333333333,13.0
18,E12000002,In low income (below threshold),"£1,500 but less than £3,000",population,63819.666666666664,1994-95 - 1996-97,6719032.333333333,1.0
19,E12000002,In low income (below threshold),"£10,000 but less than £16,000",population,32459.666666666668,1994-95 - 1996-97,6719032.333333333,0.0
20,E12000002,In low income (below threshold),"£16,000 but less than £20,000",population,13848.333333333334,1994-95 - 1996-97,6719032.333333333,0.0
21,E12000002,In low income (below threshold),"£20,000 or more",population,41876.0,1994-95 - 1996-97,6719032.333333333,1.0
22,E12000002,In low income (below threshold),"£3,000 but less than £8,000",population,110253.66666666667,1994-95 - 1996-97,6719032.333333333,2.0
23,E12000002,In low income (below threshold),"£8,000 but less than £10,000",population,20037.666666666668,1994-95 - 1996-97,6719032.333333333,0.0
32,E12000003,In low income (below threshold),"Less than £1,500",population,166183.0,1994-95 - 1996-97,4882394.666666666,3.0
33,E12000003,In low income (below threshold),No savings,population,678143.6666666666,1994-95 - 1996-97,4882394.666666666,14.0
34,E12000003,In low income (below threshold),"£1,500 but less than £3,000",population,60450.666666666664,1994-95 - 1996-97,4882394.666666666,1.0
35,E12000003,In low income (below threshold),"£10,000 but less than £16,000",population,36622.333333333336,1994-95 - 1996-97,4882394.666666666,1.0
36,E12000003,In low income (below threshold),"£16,000 but less than £20,000",population,13793.666666666666,1994-95 - 1996-97,4882394.666666666,0.0
37,E12000003,In low income (below threshold),"£20,000 or more",population,48755.666666666664,1994-95 - 1996-97,4882394.666666666,1.0
38,E12000003,In low income (below threshold),"£3,000 but less than £8,000",population,81527.0,1994-95 - 1996-97,4882394.666666666,2.0
39,E12000003,In low income (below threshold),"£8,000 but less than £10,000",population,18786.333333333332,1994-95 - 1996-97,4882394.666666666,0.0
0,E12000001,In low income (below threshold),"Less than £1,500",population,99018.33333333333,1995-96 - 1997-98,2536193.3333333335,4.0
1,E12000001,In low income (below threshold),No savings,population,417932.6666666667,1995-96 - 1997-98,2536193.3333333335,16.0
2,E12000001,In low income (below threshold),"£1,500 but less than £3,000",population,27516.0,1995-96 - 1997-98,2536193.3333333335,1.0
3,E12000001,In low income (below threshold),"£10,000 but less than £16,000",population,12537.0,1995-96 - 1997-98,2536193.3333333335,0.0
4,E12000001,In low income (below threshold),"£16,000 but less than £20,000",population,7262.666666666667,1995-96 - 1997-98,2536193.3333333335,0.0
5,E12000001,In low income (below threshold),"£20,000 or more",population,14407.333333333334,1995-96 - 1997-98,2536193.3333333335,1.0
6,E12000001,In low income (below threshold),"£3,000 but less than £8,000",population,35405.0,1995-96 - 1997-98,2536193.3333333335,1.0
7,E12000001,In low income (below threshold),"£8,000 but less than £10,000",population,4414.666666666667,1995-96 - 1997-98,2536193.3333333335,0.0
16,E12000002,In low income (below threshold),"Less than £1,500",population,211684.0,1995-96 - 1997-98,6703666.666666666,3.0
17,E12000002,In low income (below threshold),No savings,population,924362.6666666666,1995-96 - 1997-98,6703666.666666666,14.0
18,E12000002,In low income (below threshold),"£1,500 but less than £3,000",population,61970.333333333336,1995-96 - 1997-98,6703666.666666666,1.0
19,E12000002,In low income (below threshold),"£10,000 but less than £16,000",population,25596.0,1995-96 - 1997-98,6703666.666666666,0.0
20,E12000002,In low income (below threshold),"£16,000 but less than £20,000",population,10732.666666666666,1995-96 - 1997-98,6703666.666666666,0.0
21,E12000002,In low income (below threshold),"£20,000 or more",population,41868.0,1995-96 - 1997-98,6703666.666666666,1.0
22,E12000002,In low income (below threshold),"£3,000 but less than £8,000",population,102239.0,1995-96 - 1997-98,6703666.666666666,2.0
23,E12000002,In low income (below threshold),"£8,000 but less than £10,000",population,22678.666666666668,1995-96 - 1997-98,6703666.666666666,0.0
32,E12000003,In low income (below threshold),"Less than £1,500",population,183917.0,1995-96 - 1997-98,4880677.0,4.0
33,E12000003,In low income (below threshold),No savings,population,676982.6666666666,1995-96 - 1997-98,4880677.0,14.0
34,E12000003,In low income (below threshold),"£1,500 but less than £3,000",population,52756.333333333336,1995-96 - 1997-98,4880677.0,1.0
35,E12000003,In low income (below threshold),"£10,000 but less than £16,000",population,30564.333333333332,1995-96 - 1997-98,4880677.0,1.0
36,E12000003,In low income (below threshold),"£16,000 but less than £20,000",population,13309.0,1995-96 - 1997-98,4880677.0,0.0
37,E12000003,In low income (below threshold),"£20,000 or more",population,44143.333333333336,1995-96 - 1997-98,4880677.0,1.0
38,E12000003,In low income (below threshold),"£3,000 but less than £8,000",population,72423.33333333333,1995-96 - 1997-98,4880677.0,1.0
39,E12000003,In low income (below threshold),"£8,000 but less than £10,000",population,20956.333333333332,1995-96 - 1997-98,4880677.0,0.0
0,E12000001,In low income (below threshold),"Less than £1,500",population,109430.33333333333,1996-97 - 1998-99,2528602.3333333335,4.0
1,E12000001,In low income (below threshold),No savings,population,425809.6666666667,1996-97 - 1998-99,2528602.3333333335,17.0
2,E12000001,In low income (below threshold),"£1,500 but less than £3,000",population,23902.333333333332,1996-97 - 1998-99,2528602.3333333335,1.0
3,E12000001,In low income (below threshold),"£10,000 but less than £16,000",population,14466.333333333334,1996-97 - 1998-99,2528602.3333333335,1.0
4,E12000001,In low income (below threshold),"£16,000 but less than £20,000",population,6919.0,1996-97 - 1998-99,2528602.3333333335,0.0
5,E12000001,In low income (below threshold),"£20,000 or more",population,10894.333333333334,1996-97 - 1998-99,2528602.3333333335,0.0
6,E12000001,In low income (below threshold),"£3,000 but less than £8,000",population,28062.666666666668,1996-97 - 1998-99,2528602.3333333335,1.0
7,E12000001,In low income (below threshold),"£8,000 but less than £10,000",population,7222.666666666667,1996-97 - 1998-99,2528602.3333333335,0.0
16,E12000002,In low income (below threshold),"Less than £1,500",population,249240.33333333334,1996-97 - 1998-99,6691294.666666667,4.0
17,E12000002,In low income (below threshold),No savings,population,981653.6666666666,1996-97 - 1998-99,6691294.666666667,15.0
18,E12000002,In low income (below threshold),"£1,500 but less than £3,000",population,65429.333333333336,1996-97 - 1998-99,6691294.666666667,1.0
19,E12000002,In low income (below threshold),"£10,000 but less than £16,000",population,27951.333333333332,1996-97 - 1998-99,6691294.666666667,0.0
20,E12000002,In low income (below threshold),"£16,000 but less than £20,000",population,15258.0,1996-97 - 1998-99,6691294.666666667,0.0
21,E12000002,In low income (below threshold),"£20,000 or more",population,46285.666666666664,1996-97 - 1998-99,6691294.666666667,1.0
22,E12000002,In low income (below threshold),"£3,000 but less than £8,000",population,103907.0,1996-97 - 1998-99,6691294.666666667,2.0
23,E12000002,In low income (below threshold),"£8,000 but less than £10,000",population,20669.666666666668,1996-97 - 1998-99,6691294.666666667,0.0
32,E12000003,In low income (below threshold),"Less than £1,500",population,210258.66666666666,1996-97 - 1998-99,4879174.666666667,4.0
33,E12000003,In low income (below threshold),No savings,population,688057.6666666666,1996-97 - 1998-99,4879174.666666667,14.0
34,E12000003,In low income (below threshold),"£1,500 but less than £3,000",population,55917.666666666664,1996-97 - 1998-99,4879174.666666667,1.0
35,E12000003,In low income (below threshold),"£10,000 but less than £16,000",population,31777.333333333332,1996-97 - 1998-99,4879174.666666667,1.0
36,E12000003,In low income (below threshold),"£16,000 but less than £20,000",population,12432.0,1996-97 - 1998-99,4879174.666666667,0.0
37,E12000003,In low income (below threshold),"£20,000 or more",population,40017.333333333336,1996-97 - 1998-99,4879174.666666667,1.0
38,E12000003,In low income (below threshold),"£3,000 but less than £8,000",population,77222.0,1996-97 - 1998-99,4879174.666666667,2.0
39,E12000003,In low income (below threshold),"£8,000 but less than £10,000",population,19341.0,1996-97 - 1998-99,4879174.666666667,0.0
0,E12000001,In low income (below threshold),"Less than £1,500",population,115664.0,1997-98 - 1999-00,2519712.0,5.0
1,E12000001,In low income (below threshold),No savings,population,430781.6666666667,1997-98 - 1999-00,2519712.0,17.0
2,E12000001,In low income (below threshold),"£1,500 but less than £3,000",population,25249.333333333332,1997-98 - 1999-00,2519712.0,1.0
3,E12000001,In low income (below threshold),"£10,000 but less than £16,000",population,13787.333333333334,1997-98 - 1999-00,2519712.0,1.0
4,E12000001,In low income (below threshold),"£16,000 but less than £20,000",population,2919.6666666666665,1997-98 - 1999-00,2519712.0,0.0
5,E12000001,In low income (below threshold),"£20,000 or more",population,11592.666666666666,1997-98 - 1999-00,2519712.0,0.0
6,E12000001,In low income (below threshold),"£3,000 but less than £8,000",population,34090.333333333336,1997-98 - 1999-00,2519712.0,1.0
7,E12000001,In low income (below threshold),"£8,000 but less than £10,000",population,7813.0,1997-98 - 1999-00,2519712.0,0.0
16,E12000002,In low income (below threshold),"Less than £1,500",population,273354.3333333333,1997-98 - 1999-00,6678748.666666667,4.0
17,E12000002,In low income (below threshold),No savings,population,922315.0,1997-98 - 1999-00,6678748.666666667,14.0
18,E12000002,In low income (below threshold),"£1,500 but less than £3,000",population,68204.33333333333,1997-98 - 1999-00,6678748.666666667,1.0
19,E12000002,In low income (below threshold),"£10,000 but less than £16,000",population,28055.333333333332,1997-98 - 1999-00,6678748.666666667,0.0
20,E12000002,In low income (below threshold),"£16,000 but less than £20,000",population,17273.666666666668,1997-98 - 1999-00,6678748.666666667,0.0
21,E12000002,In low income (below threshold),"£20,000 or more",population,51864.333333333336,1997-98 - 1999-00,6678748.666666667,1.0
22,E12000002,In low income (below threshold),"£3,000 but less than £8,000",population,108353.33333333333,1997-98 - 1999-00,6678748.666666667,2.0
23,E12000002,In low income (below threshold),"£8,000 but less than £10,000",population,25662.0,1997-98 - 1999-00,6678748.666666667,0.0
32,E12000003,In low income (below threshold),"Less than £1,500",population,229245.66666666666,1997-98 - 1999-00,4877066.666666667,5.0
33,E12000003,In low income (below threshold),No savings,population,673052.6666666666,1997-98 - 1999-00,4877066.666666667,14.0
34,E12000003,In low income (below threshold),"£1,500 but less than £3,000",population,63288.333333333336,1997-98 - 1999-00,4877066.666666667,1.0
35,E12000003,In low income (below threshold),"£10,000 but less than £16,000",population,28406.333333333332,1997-98 - 1999-00,4877066.666666667,1.0
36,E12000003,In low income (below threshold),"£16,000 but less than £20,000",population,15717.333333333334,1997-98 - 1999-00,4877066.666666667,0.0
37,E12000003,In low income (below threshold),"£20,000 or more",population,34503.666666666664,1997-98 - 1999-00,4877066.666666667,1.0
38,E12000003,In low income (below threshold),"£3,000 but less than £8,000",population,77867.0,1997-98 - 1999-00,4877066.666666667,2.0
39,E12000003,In low income (below threshold),"£8,000 but less than £10,000",population,17475.333333333332,1997-98 - 1999-00,4877066.666666667,0.0
0,E12000001,In low income (below threshold),"Less than £1,500",population,115504.66666666667,1998-99 - 2000-01,2511034.3333333335,5.0
1,E12000001,In low income (below threshold),No savings,population,437526.6666666667,1998-99 - 2000-01,2511034.3333333335,17.0
2,E12000001,In low income (below threshold),"£1,500 but less than £3,000",population,18986.666666666668,1998-99 - 2000-01,2511034.3333333335,1.0
3,E12000001,In low income (below threshold),"£10,000 but less than £16,000",population,13403.666666666666,1998-99 - 2000-01,2511034.3333333335,1.0
4,E12000001,In low income (below threshold),"£16,000 but less than £20,000",population,4455.0,1998-99 - 2000-01,2511034.3333333335,0.0
5,E12000001,In low income (below threshold),"£20,000 or more",population,10184.333333333334,1998-99 - 2000-01,2511034.3333333335,0.0
6,E12000001,In low income (below threshold),"£3,000 but less than £8,000",population,36229.666666666664,1998-99 - 2000-01,2511034.3333333335,1.0
7,E12000001,In low income (below threshold),"£8,000 but less than £10,000",population,7735.0,1998-99 - 2000-01,2511034.3333333335,0.0
16,E12000002,In low income (below threshold),"Less than £1,500",population,303211.6666666667,1998-99 - 2000-01,6671327.666666667,5.0
17,E12000002,In low income (below threshold),No savings,population,841405.3333333334,1998-99 - 2000-01,6671327.666666667,13.0
18,E12000002,In low income (below threshold),"£1,500 but less than £3,000",population,64405.333333333336,1998-99 - 2000-01,6671327.666666667,1.0
19,E12000002,In low income (below threshold),"£10,000 but less than £16,000",population,32207.666666666668,1998-99 - 2000-01,6671327.666666667,0.0
20,E12000002,In low income (below threshold),"£16,000 but less than £20,000",population,18749.666666666668,1998-99 - 2000-01,6671327.666666667,0.0
21,E12000002,In low income (below threshold),"£20,000 or more",population,58126.0,1998-99 - 2000-01,6671327.666666667,1.0
22,E12000002,In low income (below threshold),"£3,000 but less than £8,000",population,106710.33333333333,1998-99 - 2000-01,6671327.666666667,2.0
23,E12000002,In low income (below threshold),"£8,000 but less than £10,000",population,23866.0,1998-99 - 2000-01,6671327.666666667,0.0
32,E12000003,In low income (below threshold),"Less than £1,500",population,232110.0,1998-99 - 2000-01,4876820.0,5.0
33,E12000003,In low income (below threshold),No savings,population,638346.0,1998-99 - 2000-01,4876820.0,13.0
34,E12000003,In low income (below threshold),"£1,500 but less than £3,000",population,65060.0,1998-99 - 2000-01,4876820.0,1.0
35,E12000003,In low income (below threshold),"£10,000 but less than £16,000",population,29543.0,1998-99 - 2000-01,4876820.0,1.0
36,E12000003,In low income (below threshold),"£16,000 but less than £20,000",population,14519.333333333334,1998-99 - 2000-01,4876820.0,0.0
37,E12000003,In low income (below threshold),"£20,000 or more",population,37483.666666666664,1998-99 - 2000-01,4876820.0,1.0
38,E12000003,In low income (below threshold),"£3,000 but less than £8,000",population,73482.33333333333,1998-99 - 2000-01,4876820.0,2.0
39,E12000003,In low income (below threshold),"£8,000 but less than £10,000",population,15161.0,1998-99 - 2000-01,4876820.0,0.0
0,E12000001,In low income (below threshold),"Less than £1,500",population,111062.66666666667,1999-00 - 2001-02,2503766.3333333335,4.0
1,E12000001,In low income (below threshold),No savings,population,390783.6666666667,1999-00 - 2001-02,2503766.3333333335,16.0
2,E12000001,In low income (below threshold),"£1,500 but less than £3,000",population,22384.666666666668,1999-00 - 2001-02,2503766.3333333335,1.0
3,E12000001,In low income (below threshold),"£10,000 but less than £16,000",population,11610.0,1999-00 - 2001-02,2503766.3333333335,0.0
4,E12000001,In low income (below threshold),"£16,000 but less than £20,000",population,5543.0,1999-00 - 2001-02,2503766.3333333335,0.0
5,E12000001,In low income (below threshold),"£20,000 or more",population,10842.0,1999-00 - 2001-02,2503766.3333333335,0.0
6,E12000001,In low income (below threshold),"£3,000 but less than £8,000",population,41087.0,1999-00 - 2001-02,2503766.3333333335,2.0
7,E12000001,In low income (below threshold),"£8,000 but less than £10,000",population,7897.666666666667,1999-00 - 2001-02,2503766.3333333335,0.0
16,E12000002,In low income (below threshold),"Less than £1,500",population,288450.6666666667,1999-00 - 2001-02,6663730.666666667,4.0
17,E12000002,In low income (below threshold),No savings,population,798060.6666666666,1999-00 - 2001-02,6663730.666666667,12.0
18,E12000002,In low income (below threshold),"£1,500 but less than £3,000",population,57211.666666666664,1999-00 - 2001-02,6663730.666666667,1.0
19,E12000002,In low income (below threshold),"£10,000 but less than £16,000",population,31849.666666666668,1999-00 - 2001-02,6663730.666666667,0.0
20,E12000002,In low income (below threshold),"£16,000 but less than £20,000",population,16129.333333333334,1999-00 - 2001-02,6663730.666666667,0.0
21,E12000002,In low income (below threshold),"£20,000 or more",population,55236.666666666664,1999-00 - 2001-02,6663730.666666667,1.0
22,E12000002,In low income (below threshold),"£3,000 but less than £8,000",population,113577.0,1999-00 - 2001-02,6663730.666666667,2.0
23,E12000002,In low income (below threshold),"£8,000 but less than £10,000",population,22698.333333333332,1999-00 - 2001-02,6663730.666666667,0.0
32,E12000003,In low income (below threshold),"Less than £1,500",population,221793.0,1999-00 - 2001-02,4881802.333333333,5.0
33,E12000003,In low income (below threshold),No savings,population,598992.6666666666,1999-00 - 2001-02,4881802.333333333,12.0
34,E12000003,In low income (below threshold),"£1,500 but less than £3,000",population,61422.333333333336,1999-00 - 2001-02,4881802.333333333,1.0
35,E12000003,In low income (below threshold),"£10,000 but less than £16,000",population,24966.333333333332,1999-00 - 2001-02,4881802.333333333,1.0
36,E12000003,In low income (below threshold),"£16,000 but less than £20,000",population,16969.666666666668,1999-00 - 2001-02,4881802.333333333,0.0
37,E12000003,In low income (below threshold),"£20,000 or more",population,41826.333333333336,1999-00 - 2001-02,4881802.333333333,1.0
38,E12000003,In low income (below threshold),"£3,000 but less than £8,000",population,77818.33333333333,1999-00 - 2001-02,4881802.333333333,2.0
39,E12000003,In low income (below threshold),"£8,000 but less than £10,000",population,15980.0,1999-00 - 2001-02,4881802.333333333,0.0
0,E12000001,In low income (below threshold),"Less than £1,500",population,109453.33333333333,2000-01 - 2002-03,2498691.3333333335,4.0
1,E12000001,In low income (below threshold),No savings,population,364128.6666666667,2000-01 - 2002-03,2498691.3333333335,15.0
2,E12000001,In low income (below threshold),"£1,500 but less than £3,000",population,26259.0,2000-01 - 2002-03,2498691.3333333335,1.0
3,E12000001,In low income (below threshold),"£10,000 but less than £16,000",population,12098.0,2000-01 - 2002-03,2498691.3333333335,0.0
4,E12000001,In low income (below threshold),"£16,000 but less than £20,000",population,6287.666666666667,2000-01 - 2002-03,2498691.3333333335,0.0
5,E12000001,In low income (below threshold),"£20,000 or more",population,13012.666666666666,2000-01 - 2002-03,2498691.3333333335,1.0
6,E12000001,In low income (below threshold),"£3,000 but less than £8,000",population,37118.333333333336,2000-01 - 2002-03,2498691.3333333335,1.0
7,E12000001,In low income (below threshold),"£8,000 but less than £10,000",population,9209.666666666666,2000-01 - 2002-03,2498691.3333333335,0.0
16,E12000002,In low income (below threshold),"Less than £1,500",population,249083.66666666666,2000-01 - 2002-03,6663364.0,4.0
17,E12000002,In low income (below threshold),No savings,population,788321.0,2000-01 - 2002-03,6663364.0,12.0
18,E12000002,In low income (below threshold),"£1,500 but less than £3,000",population,65072.666666666664,2000-01 - 2002-03,6663364.0,1.0
19,E12000002,In low income (below threshold),"£10,000 but less than £16,000",population,32052.0,2000-01 - 2002-03,6663364.0,0.0
20,E12000002,In low income (below threshold),"£16,000 but less than £20,000",population,13195.666666666666,2000-01 - 2002-03,6663364.0,0.0
21,E12000002,In low income (below threshold),"£20,000 or more",population,55736.666666666664,2000-01 - 2002-03,6663364.0,1.0
22,E12000002,In low income (below threshold),"£3,000 but less than £8,000",population,113575.0,2000-01 - 2002-03,6663364.0,2.0
23,E12000002,In low income (below threshold),"£8,000 but less than £10,000",population,21452.0,2000-01 - 2002-03,6663364.0,0.0
32,E12000003,In low income (below threshold),"Less than £1,500",population,197846.33333333334,2000-01 - 2002-03,4893259.666666667,4.0
33,E12000003,In low income (below threshold),No savings,population,554882.6666666666,2000-01 - 2002-03,4893259.666666667,11.0
34,E12000003,In low income (below threshold),"£1,500 but less than £3,000",population,62556.333333333336,2000-01 - 2002-03,4893259.666666667,1.0
35,E12000003,In low income (below threshold),"£10,000 but less than £16,000",population,28417.333333333332,2000-01 - 2002-03,4893259.666666667,1.0
36,E12000003,In low income (below threshold),"£16,000 but less than £20,000",population,15020.0,2000-01 - 2002-03,4893259.666666667,0.0
37,E12000003,In low income (below threshold),"£20,000 or more",population,40795.333333333336,2000-01 - 2002-03,4893259.666666667,1.0
38,E12000003,In low income (below threshold),"£3,000 but less than £8,000",population,87370.33333333333,2000-01 - 2002-03,4893259.666666667,2.0
39,E12000003,In low income (below threshold),"£8,000 but less than £10,000",population,16327.333333333334,2000-01 - 2002-03,4893259.666666667,0.0
0,E12000001,In low income (below threshold),"Less than £1,500",population,103390.0,2001-02 - 2003-04,2496043.6666666665,4.0
1,E12000001,In low income (below threshold),No savings,population,324747.3333333333,2001-02 - 2003-04,2496043.6666666665,13.0
2,E12000001,In low income (below threshold),"£1,500 but less than £3,000",population,27906.666666666668,2001-02 - 2003-04,2496043.6666666665,1.0
3,E12000001,In low income (below threshold),"£10,000 but less than £16,000",population,16127.0,2001-02 - 2003-04,2496043.6666666665,1.0
4,E12000001,In low income (below threshold),"£16,000 but less than £20,000",population,4818.666666666667,2001-02 - 2003-04,2496043.6666666665,0.0
5,E12000001,In low income (below threshold),"£20,000 or more",population,15782.666666666666,2001-02 - 2003-04,2496043.6666666665,1.0
6,E12000001,In low income (below threshold),"£3,000 but less than £8,000",population,43670.666666666664,2001-02 - 2003-04,2496043.6666666665,2.0
7,E12000001,In low income (below threshold),"£8,000 but less than £10,000",population,8610.666666666666,2001-02 - 2003-04,2496043.6666666665,0.0
16,E12000002,In low income (below threshold),"Less than £1,500",population,213684.33333333334,2001-02 - 2003-04,6672609.0,3.0
17,E12000002,In low income (below threshold),No savings,population,801364.3333333334,2001-02 - 2003-04,6672609.0,12.0
18,E12000002,In low income (below threshold),"£1,500 but less than £3,000",population,64935.666666666664,2001-02 - 2003-04,6672609.0,1.0
19,E12000002,In low income (below threshold),"£10,000 but less than £16,000",population,35293.333333333336,2001-02 - 2003-04,6672609.0,1.0
20,E12000002,In low income (below threshold),"£16,000 but less than £20,000",population,13032.666666666666,2001-02 - 2003-04,6672609.0,0.0
21,E12000002,In low income (below threshold),"£20,000 or more",population,56693.0,2001-02 - 2003-04,6672609.0,1.0
22,E12000002,In low income (below threshold),"£3,000 but less than £8,000",population,107081.0,2001-02 - 2003-04,6672609.0,2.0
23,E12000002,In low income (below threshold),"£8,000 but less than £10,000",population,24609.0,2001-02 - 2003-04,6672609.0,0.0
32,E12000003,In low income (below threshold),"Less than £1,500",population,197566.0,2001-02 - 2003-04,4912921.333333333,4.0
33,E12000003,In low income (below threshold),No savings,population,533382.3333333334,2001-02 - 2003-04,4912921.333333333,11.0
34,E12000003,In low income (below threshold),"£1,500 but less than £3,000",population,55694.666666666664,2001-02 - 2003-04,4912921.333333333,1.0
35,E12000003,In low income (below threshold),"£10,000 but less than £16,000",population,32927.666666666664,2001-02 - 2003-04,4912921.333333333,1.0
36,E12000003,In low income (below threshold),"£16,000 but less than £20,000",population,15883.666666666666,2001-02 - 2003-04,4912921.333333333,0.0
37,E12000003,In low income (below threshold),"£20,000 or more",population,41042.666666666664,2001-02 - 2003-04,4912921.333333333,1.0
38,E12000003,In low income (below threshold),"£3,000 but less than £8,000",population,88790.66666666667,2001-02 - 2003-04,4912921.333333333,2.0
39,E12000003,In low income (below threshold),"£8,000 but less than £10,000",population,17583.0,2001-02 - 2003-04,4912921.333333333,0.0
0,E12000001,In low income (below threshold),"Less than £1,500",population,100195.0,2002-03 - 2004-05,2494576.3333333335,4.0
1,E12000001,In low income (below threshold),No savings,population,333513.0,2002-03 - 2004-05,2494576.3333333335,13.0
2,E12000001,In low income (below threshold),"£1,500 but less than £3,000",population,24628.0,2002-03 - 2004-05,2494576.3333333335,1.0
3,E12000001,In low income (below threshold),"£10,000 but less than £16,000",population,15060.0,2002-03 - 2004-05,2494576.3333333335,1.0
4,E12000001,In low income (below threshold),"£16,000 but less than £20,000",population,6916.666666666667,2002-03 - 2004-05,2494576.3333333335,0.0
5,E12000001,In low income (below threshold),"£20,000 or more",population,18234.333333333332,2002-03 - 2004-05,2494576.3333333335,1.0
6,E12000001,In low income (below threshold),"£3,000 but less than £8,000",population,37669.666666666664,2002-03 - 2004-05,2494576.3333333335,2.0
7,E12000001,In low income (below threshold),"£8,000 but less than £10,000",population,7604.666666666667,2002-03 - 2004-05,2494576.3333333335,0.0
16,E12000002,In low income (below threshold),"Less than £1,500",population,211769.0,2002-03 - 2004-05,6691343.333333333,3.0
17,E12000002,In low income (below threshold),No savings,population,759175.3333333334,2002-03 - 2004-05,6691343.333333333,11.0
18,E12000002,In low income (below threshold),"£1,500 but less than £3,000",population,58048.0,2002-03 - 2004-05,6691343.333333333,1.0
19,E12000002,In low income (below threshold),"£10,000 but less than £16,000",population,31631.666666666668,2002-03 - 2004-05,6691343.333333333,0.0
20,E12000002,In low income (below threshold),"£16,000 but less than £20,000",population,14106.666666666666,2002-03 - 2004-05,6691343.333333333,0.0
21,E12000002,In low income (below threshold),"£20,000 or more",population,54411.333333333336,2002-03 - 2004-05,6691343.333333333,1.0
22,E12000002,In low income (below threshold),"£3,000 but less than £8,000",population,98200.33333333333,2002-03 - 2004-05,6691343.333333333,1.0
23,E12000002,In low income (below threshold),"£8,000 but less than £10,000",population,27544.333333333332,2002-03 - 2004-05,6691343.333333333,0.0
32,E12000003,In low income (below threshold),"Less than £1,500",population,198256.66666666666,2002-03 - 2004-05,4939201.666666666,4.0
33,E12000003,In low income (below threshold),No savings,population,491989.6666666667,2002-03 - 2004-05,4939201.666666666,10.0
34,E12000003,In low income (below threshold),"£1,500 but less than £3,000",population,49347.333333333336,2002-03 - 2004-05,4939201.666666666,1.0
35,E12000003,In low income (below threshold),"£10,000 but less than £16,000",population,32031.666666666668,2002-03 - 2004-05,4939201.666666666,1.0
36,E12000003,In low income (below threshold),"£16,000 but less than £20,000",population,12583.666666666666,2002-03 - 2004-05,4939201.666666666,0.0
37,E12000003,In low income (below threshold),"£20,000 or more",population,41214.333333333336,2002-03 - 2004-05,4939201.666666666,1.0
38,E12000003,In low income (below threshold),"£3,000 but less than £8,000",population,83697.0,2002-03 - 2004-05,4939201.666666666,2.0
39,E12000003,In low income (below threshold),"£8,000 but less than £10,000",population,20017.666666666668,2002-03 - 2004-05,4939201.666666666,0.0
0,E12000001,In low income (below threshold),"Less than £1,500",population,87758.66666666667,2003-04 - 2005-06,2496505.0,4.0
1,E12000001,In low income (below threshold),No savings,population,330025.3333333333,2003-04 - 2005-06,2496505.0,13.0
2,E12000001,In low income (below threshold),"£1,500 but less than £3,000",population,17320.333333333332,2003-04 - 2005-06,2496505.0,1.0
3,E12000001,In low income (below threshold),"£10,000 but less than £16,000",population,14027.333333333334,2003-04 - 2005-06,2496505.0,1.0
4,E12000001,In low income (below threshold),"£16,000 but less than £20,000",population,8176.0,2003-04 - 2005-06,2496505.0,0.0
5,E12000001,In low income (below threshold),"£20,000 or more",population,15856.666666666666,2003-04 - 2005-06,2496505.0,1.0
6,E12000001,In low income (below threshold),"£3,000 but less than £8,000",population,33990.0,2003-04 - 2005-06,2496505.0,1.0
7,E12000001,In low income (below threshold),"£8,000 but less than £10,000",population,4948.0,2003-04 - 2005-06,2496505.0,0.0
16,E12000002,In low income (below threshold),"Less than £1,500",population,224321.66666666666,2003-04 - 2005-06,6718929.0,3.0
17,E12000002,In low income (below threshold),No savings,population,759853.6666666666,2003-04 - 2005-06,6718929.0,11.0
18,E12000002,In low income (below threshold),"£1,500 but less than £3,000",population,54357.0,2003-04 - 2005-06,6718929.0,1.0
19,E12000002,In low income (below threshold),"£10,000 but less than £16,000",population,43059.666666666664,2003-04 - 2005-06,6718929.0,1.0
20,E12000002,In low income (below threshold),"£16,000 but less than £20,000",population,18308.0,2003-04 - 2005-06,6718929.0,0.0
21,E12000002,In low income (below threshold),"£20,000 or more",population,56473.0,2003-04 - 2005-06,6718929.0,1.0
22,E12000002,In low income (below threshold),"£3,000 but less than £8,000",population,101750.66666666667,2003-04 - 2005-06,6718929.0,2.0
23,E12000002,In low income (below threshold),"£8,000 but less than £10,000",population,23518.0,2003-04 - 2005-06,6718929.0,0.0
32,E12000003,In low income (below threshold),"Less than £1,500",population,195750.0,2003-04 - 2005-06,4974490.333333333,4.0
33,E12000003,In low income (below threshold),No savings,population,524009.0,2003-04 - 2005-06,4974490.333333333,11.0
34,E12000003,In low income (below threshold),"£1,500 but less than £3,000",population,38879.333333333336,2003-04 - 2005-06,4974490.333333333,1.0
35,E12000003,In low income (below threshold),"£10,000 but less than £16,000",population,32202.0,2003-04 - 2005-06,4974490.333333333,1.0
36,E12000003,In low income (below threshold),"£16,000 but less than £20,000",population,10846.666666666666,2003-04 - 2005-06,4974490.333333333,0.0
37,E12000003,In low income (below threshold),"£20,000 or more",population,40323.0,2003-04 - 2005-06,4974490.333333333,1.0
38,E12000003,In low income (below threshold),"£3,000 but less than £8,000",population,77519.66666666667,2003-04 - 2005-06,4974490.333333333,2.0
39,E12000003,In low income (below threshold),"£8,000 but less than £10,000",population,20012.0,2003-04 - 2005-06,4974490.333333333,0.0
0,E12000001,In low income (below threshold),"Less than £1,500",population,93182.66666666667,2004-05 - 2006-07,2500451.0,4.0
1,E12000001,In low income (below threshold),No savings,population,327936.6666666667,2004-05 - 2006-07,2500451.0,13.0
2,E12000001,In low income (below threshold),"£1,500 but less than £3,000",population,17916.333333333332,2004-05 - 2006-07,2500451.0,1.0
3,E12000001,In low income (below threshold),"£10,000 but less than £16,000",population,11397.666666666666,2004-05 - 2006-07,2500451.0,0.0
4,E12000001,In low income (below threshold),"£16,000 but less than £20,000",population,12092.666666666666,2004-05 - 2006-07,2500451.0,0.0
5,E12000001,In low income (below threshold),"£20,000 or more",population,16511.333333333332,2004-05 - 2006-07,2500451.0,1.0
6,E12000001,In low income (below threshold),"£3,000 but less than £8,000",population,32377.666666666668,2004-05 - 2006-07,2500451.0,1.0
7,E12000001,In low income (below threshold),"£8,000 but less than £10,000",population,3451.0,2004-05 - 2006-07,2500451.0,0.0
16,E12000002,In low income (below threshold),"Less than £1,500",population,244614.66666666666,2004-05 - 2006-07,6747146.666666667,4.0
17,E12000002,In low income (below threshold),No savings,population,791955.6666666666,2004-05 - 2006-07,6747146.666666667,12.0
18,E12000002,In low income (below threshold),"£1,500 but less than £3,000",population,46618.0,2004-05 - 2006-07,6747146.666666667,1.0
19,E12000002,In low income (below threshold),"£10,000 but less than £16,000",population,46142.333333333336,2004-05 - 2006-07,6747146.666666667,1.0
20,E12000002,In low income (below threshold),"£16,000 but less than £20,000",population,21416.0,2004-05 - 2006-07,6747146.666666667,0.0
21,E12000002,In low income (below threshold),"£20,000 or more",population,52415.666666666664,2004-05 - 2006-07,6747146.666666667,1.0
22,E12000002,In low income (below threshold),"£3,000 but less than £8,000",population,102928.66666666667,2004-05 - 2006-07,6747146.666666667,2.0
23,E12000002,In low income (below threshold),"£8,000 but less than £10,000",population,19037.0,2004-05 - 2006-07,6747146.666666667,0.0
32,E12000003,In low income (below threshold),"Less than £1,500",population,178950.66666666666,2004-05 - 2006-07,5009582.0,4.0
33,E12000003,In low income (below threshold),No savings,population,541242.0,2004-05 - 2006-07,5009582.0,11.0
34,E12000003,In low income (below threshold),"£1,500 but less than £3,000",population,40680.0,2004-05 - 2006-07,5009582.0,1.0
35,E12000003,In low income (below threshold),"£10,000 but less than £16,000",population,34127.666666666664,2004-05 - 2006-07,5009582.0,1.0
36,E12000003,In low income (below threshold),"£16,000 but less than £20,000",population,14143.333333333334,2004-05 - 2006-07,5009582.0,0.0
37,E12000003,In low income (below threshold),"£20,000 or more",population,49592.666666666664,2004-05 - 2006-07,5009582.0,1.0
38,E12000003,In low income (below threshold),"£3,000 but less than £8,000",population,90304.66666666667,2004-05 - 2006-07,5009582.0,2.0
39,E12000003,In low income (below threshold),"£8,000 but less than £10,000",population,20834.666666666668,2004-05 - 2006-07,5009582.0,0.0
0,E12000001,In low income (below threshold),"Less than £1,500",population,102170.0,2005-06 - 2007-08,2507661.6666666665,4.0
1,E12000001,In low income (below threshold),No savings,population,332454.3333333333,2005-06 - 2007-08,2507661.6666666665,13.0
2,E12000001,In low income (below threshold),"£1,500 but less than £3,000",population,13349.333333333334,2005-06 - 2007-08,2507661.6666666665,1.0
3,E12000001,In low income (below threshold),"£10,000 but less than £16,000",population,13026.666666666666,2005-06 - 2007-08,2507661.6666666665,1.0
4,E12000001,In low income (below threshold),"£16,000 but less than £20,000",population,10283.0,2005-06 - 2007-08,2507661.6666666665,0.0
5,E12000001,In low income (below threshold),"£20,000 or more",population,17568.0,2005-06 - 2007-08,2507661.6666666665,1.0
6,E12000001,In low income (below threshold),"£3,000 but less than £8,000",population,40965.333333333336,2005-06 - 2007-08,2507661.6666666665,2.0
7,E12000001,In low income (below threshold),"£8,000 but less than £10,000",population,4698.666666666667,2005-06 - 2007-08,2507661.6666666665,0.0
16,E12000002,In low income (below threshold),"Less than £1,500",population,247026.0,2005-06 - 2007-08,6776210.0,4.0
17,E12000002,In low income (below threshold),No savings,population,844255.3333333334,2005-06 - 2007-08,6776210.0,12.0
18,E12000002,In low income (below threshold),"£1,500 but less than £3,000",population,56235.666666666664,2005-06 - 2007-08,6776210.0,1.0
19,E12000002,In low income (below threshold),"£10,000 but less than £16,000",population,54011.666666666664,2005-06 - 2007-08,6776210.0,1.0
20,E12000002,In low income (below threshold),"£16,000 but less than £20,000",population,20503.333333333332,2005-06 - 2007-08,6776210.0,0.0
21,E12000002,In low income (below threshold),"£20,000 or more",population,64020.333333333336,2005-06 - 2007-08,6776210.0,1.0
22,E12000002,In low income (below threshold),"£3,000 but less than £8,000",population,93956.0,2005-06 - 2007-08,6776210.0,1.0
23,E12000002,In low income (below threshold),"£8,000 but less than £10,000",population,16408.0,2005-06 - 2007-08,6776210.0,0.0
32,E12000003,In low income (below threshold),"Less than £1,500",population,174830.33333333334,2005-06 - 2007-08,5042741.666666666,3.0
33,E12000003,In low income (below threshold),No savings,population,574193.3333333334,2005-06 - 2007-08,5042741.666666666,11.0
34,E12000003,In low income (below threshold),"£1,500 but less than £3,000",population,43193.666666666664,2005-06 - 2007-08,5042741.666666666,1.0
35,E12000003,In low income (below threshold),"£10,000 but less than £16,000",population,41310.666666666664,2005-06 - 2007-08,5042741.666666666,1.0
36,E12000003,In low income (below threshold),"£16,000 but less than £20,000",population,14533.0,2005-06 - 2007-08,5042741.666666666,0.0
37,E12000003,In low income (below threshold),"£20,000 or more",population,53633.666666666664,2005-06 - 2007-08,5042741.666666666,1.0
38,E12000003,In low income (below threshold),"£3,000 but less than £8,000",population,90078.66666666667,2005-06 - 2007-08,5042741.666666666,2.0
39,E12000003,In low income (below threshold),"£8,000 but less than £10,000",population,18797.333333333332,2005-06 - 2007-08,5042741.666666666,0.0
0,E12000001,In low income (below threshold),"Less than £1,500",population,109600.33333333333,2006-07 - 2008-09,2514633.6666666665,4.0
1,E12000001,In low income (below threshold),No savings,population,323229.0,2006-07 - 2008-09,2514633.6666666665,13.0
2,E12000001,In low income (below threshold),"£1,500 but less than £3,000",population,16745.0,2006-07 - 2008-09,2514633.6666666665,1.0
3,E12000001,In low income (below threshold),"£10,000 but less than £16,000",population,15959.0,2006-07 - 2008-09,2514633.6666666665,1.0
4,E12000001,In low income (below threshold),"£16,000 but less than £20,000",population,14140.333333333334,2006-07 - 2008-09,2514633.6666666665,1.0
5,E12000001,In low income (below threshold),"£20,000 or more",population,21733.0,2006-07 - 2008-09,2514633.6666666665,1.0
6,E12000001,In low income (below threshold),"£3,000 but less than £8,000",population,41690.666666666664,2006-07 - 2008-09,2514633.6666666665,2.0
7,E12000001,In low income (below threshold),"£8,000 but less than £10,000",population,6302.666666666667,2006-07 - 2008-09,2514633.6666666665,0.0
16,E12000002,In low income (below threshold),"Less than £1,500",population,237741.0,2006-07 - 2008-09,6804802.333333333,3.0
17,E12000002,In low income (below threshold),No savings,population,839052.0,2006-07 - 2008-09,6804802.333333333,12.0
18,E12000002,In low income (below threshold),"£1,500 but less than £3,000",population,53262.666666666664,2006-07 - 2008-09,6804802.333333333,1.0
19,E12000002,In low income (below threshold),"£10,000 but less than £16,000",population,49300.666666666664,2006-07 - 2008-09,6804802.333333333,1.0
20,E12000002,In low income (below threshold),"£16,000 but less than £20,000",population,16338.0,2006-07 - 2008-09,6804802.333333333,0.0
21,E12000002,In low income (below threshold),"£20,000 or more",population,68873.33333333333,2006-07 - 2008-09,6804802.333333333,1.0
22,E12000002,In low income (below threshold),"£3,000 but less than £8,000",population,80265.66666666667,2006-07 - 2008-09,6804802.333333333,1.0
23,E12000002,In low income (below threshold),"£8,000 but less than £10,000",population,16103.333333333334,2006-07 - 2008-09,6804802.333333333,0.0
32,E12000003,In low income (below threshold),"Less than £1,500",population,180953.0,2006-07 - 2008-09,5071966.333333334,4.0
33,E12000003,In low income (below threshold),No savings,population,579061.3333333334,2006-07 - 2008-09,5071966.333333334,11.0
34,E12000003,In low income (below threshold),"£1,500 but less than £3,000",population,49037.333333333336,2006-07 - 2008-09,5071966.333333334,1.0
35,E12000003,In low income (below threshold),"£10,000 but less than £16,000",population,47843.666666666664,2006-07 - 2008-09,5071966.333333334,1.0
36,E12000003,In low income (below threshold),"£16,000 but less than £20,000",population,15223.0,2006-07 - 2008-09,5071966.333333334,0.0
37,E12000003,In low income (below threshold),"£20,000 or more",population,56497.0,2006-07 - 2008-09,5071966.333333334,1.0
38,E12000003,In low income (below threshold),"£3,000 but less than £8,000",population,89436.66666666667,2006-07 - 2008-09,5071966.333333334,2.0
39,E12000003,In low income (below threshold),"£8,000 but less than £10,000",population,27427.666666666668,2006-07 - 2008-09,5071966.333333334,1.0
0,E12000001,In low income (below threshold),"Less than £1,500",population,105146.66666666667,2007-08 - 2009-10,2522498.6666666665,4.0
1,E12000001,In low income (below threshold),No savings,population,317914.0,2007-08 - 2009-10,2522498.6666666665,13.0
2,E12000001,In low income (below threshold),"£1,500 but less than £3,000",population,15310.333333333334,2007-08 - 2009-10,2522498.6666666665,1.0
3,E12000001,In low income (below threshold),"£10,000 but less than £16,000",population,14234.333333333334,2007-08 - 2009-10,2522498.6666666665,1.0
4,E12000001,In low income (below threshold),"£16,000 but less than £20,000",population,10261.333333333334,2007-08 - 2009-10,2522498.6666666665,0.0
5,E12000001,In low income (below threshold),"£20,000 or more",population,27801.666666666668,2007-08 - 2009-10,2522498.6666666665,1.0
6,E12000001,In low income (below threshold),"£3,000 but less than £8,000",population,36350.666666666664,2007-08 - 2009-10,2522498.6666666665,1.0
7,E12000001,In low income (below threshold),"£8,000 but less than £10,000",population,10847.0,2007-08 - 2009-10,2522498.6666666665,0.0
16,E12000002,In low income (below threshold),"Less than £1,500",population,212967.33333333334,2007-08 - 2009-10,6833456.333333333,3.0
17,E12000002,In low income (below threshold),No savings,population,810553.3333333334,2007-08 - 2009-10,6833456.333333333,12.0
18,E12000002,In low income (below threshold),"£1,500 but less than £3,000",population,65732.0,2007-08 - 2009-10,6833456.333333333,1.0
19,E12000002,In low income (below threshold),"£10,000 but less than £16,000",population,48574.666666666664,2007-08 - 2009-10,6833456.333333333,1.0
20,E12000002,In low income (below threshold),"£16,000 but less than £20,000",population,10108.0,2007-08 - 2009-10,6833456.333333333,0.0
21,E12000002,In low income (below threshold),"£20,000 or more",population,68058.33333333333,2007-08 - 2009-10,6833456.333333333,1.0
22,E12000002,In low income (below threshold),"£3,000 but less than £8,000",population,69402.0,2007-08 - 2009-10,6833456.333333333,1.0
23,E12000002,In low income (below threshold),"£8,000 but less than £10,000",population,16476.333333333332,2007-08 - 2009-10,6833456.333333333,0.0
32,E12000003,In low income (below threshold),"Less than £1,500",population,194610.0,2007-08 - 2009-10,5101749.666666667,4.0
33,E12000003,In low income (below threshold),No savings,population,581071.3333333334,2007-08 - 2009-10,5101749.666666667,11.0
34,E12000003,In low income (below threshold),"£1,500 but less than £3,000",population,53797.666666666664,2007-08 - 2009-10,5101749.666666667,1.0
35,E12000003,In low income (below threshold),"£10,000 but less than £16,000",population,41084.666666666664,2007-08 - 2009-10,5101749.666666667,1.0
36,E12000003,In low income (below threshold),"£16,000 but less than £20,000",population,11595.333333333334,2007-08 - 2009-10,5101749.666666667,0.0
37,E12000003,In low income (below threshold),"£20,000 or more",population,52782.0,2007-08 - 2009-10,5101749.666666667,1.0
38,E12000003,In low income (below threshold),"£3,000 but less than £8,000",population,85098.33333333333,2007-08 - 2009-10,5101749.666666667,2.0
39,E12000003,In low income (below threshold),"£8,000 but less than £10,000",population,23918.333333333332,2007-08 - 2009-10,5101749.666666667,0.0
0,E12000001,In low income (below threshold),"Less than £1,500",population,89606.0,2008-09 - 2010-11,2530692.0,4.0
1,E12000001,In low income (below threshold),No savings,population,291469.6666666667,2008-09 - 2010-11,2530692.0,12.0
2,E12000001,In low income (below threshold),"£1,500 but less than £3,000",population,21825.666666666668,2008-09 - 2010-11,2530692.0,1.0
3,E12000001,In low income (below threshold),"£10,000 but less than £16,000",population,12764.333333333334,2008-09 - 2010-11,2530692.0,1.0
4,E12000001,In low income (below threshold),"£16,000 but less than £20,000",population,7911.0,2008-09 - 2010-11,2530692.0,0.0
5,E12000001,In low income (below threshold),"£20,000 or more",population,30404.333333333332,2008-09 - 2010-11,2530692.0,1.0
6,E12000001,In low income (below threshold),"£3,000 but less than £8,000",population,28575.666666666668,2008-09 - 2010-11,2530692.0,1.0
7,E12000001,In low income (below threshold),"£8,000 but less than £10,000",population,8717.666666666666,2008-09 - 2010-11,2530692.0,0.0
16,E12000002,In low income (below threshold),"Less than £1,500",population,175062.0,2008-09 - 2010-11,6863600.0,3.0
17,E12000002,In low income (below threshold),No savings,population,774625.3333333334,2008-09 - 2010-11,6863600.0,11.0
18,E12000002,In low income (below threshold),"£1,500 but less than £3,000",population,57054.333333333336,2008-09 - 2010-11,6863600.0,1.0
19,E12000002,In low income (below threshold),"£10,000 but less than £16,000",population,42025.666666666664,2008-09 - 2010-11,6863600.0,1.0
20,E12000002,In low income (below threshold),"£16,000 but less than £20,000",population,10835.0,2008-09 - 2010-11,6863600.0,0.0
21,E12000002,In low income (below threshold),"£20,000 or more",population,67702.66666666667,2008-09 - 2010-11,6863600.0,1.0
22,E12000002,In low income (below threshold),"£3,000 but less than £8,000",population,81295.0,2008-09 - 2010-11,6863600.0,1.0
23,E12000002,In low income (below threshold),"£8,000 but less than £10,000",population,19312.333333333332,2008-09 - 2010-11,6863600.0,0.0
32,E12000003,In low income (below threshold),"Less than £1,500",population,174490.33333333334,2008-09 - 2010-11,5131863.666666666,3.0
33,E12000003,In low income (below threshold),No savings,population,597958.6666666666,2008-09 - 2010-11,5131863.666666666,12.0
34,E12000003,In low income (below threshold),"£1,500 but less than £3,000",population,61370.666666666664,2008-09 - 2010-11,5131863.666666666,1.0
35,E12000003,In low income (below threshold),"£10,000 but less than £16,000",population,39664.333333333336,2008-09 - 2010-11,5131863.666666666,1.0
36,E12000003,In low income (below threshold),"£16,000 but less than £20,000",population,10605.0,2008-09 - 2010-11,5131863.666666666,0.0
37,E12000003,In low income (below threshold),"£20,000 or more",population,54850.333333333336,2008-09 - 2010-11,5131863.666666666,1.0
38,E12000003,In low income (below threshold),"£3,000 but less than £8,000",population,89861.33333333333,2008-09 - 2010-11,5131863.666666666,2.0
39,E12000003,In low income (below threshold),"£8,000 but less than £10,000",population,24414.666666666668,2008-09 - 2010-11,5131863.666666666,0.0
0,E12000001,In low income (below threshold),"Less than £1,500",population,76995.0,2009-10 - 2011-12,2544507.0,3.0
1,E12000001,In low income (below threshold),No savings,population,293562.6666666667,2009-10 - 2011-12,2544507.0,12.0
2,E12000001,In low income (below threshold),"£1,500 but less than £3,000",population,20441.666666666668,2009-10 - 2011-12,2544507.0,1.0
3,E12000001,In low income (below threshold),"£10,000 but less than £16,000",population,10224.666666666666,2009-10 - 2011-12,2544507.0,0.0
4,E12000001,In low income (below threshold),"£16,000 but less than £20,000",population,2762.0,2009-10 - 2011-12,2544507.0,0.0
5,E12000001,In low income (below threshold),"£20,000 or more",population,31188.333333333332,2009-10 - 2011-12,2544507.0,1.0
6,E12000001,In low income (below threshold),"£3,000 but less than £8,000",population,29359.0,2009-10 - 2011-12,2544507.0,1.0
7,E12000001,In low income (below threshold),"£8,000 but less than £10,000",population,7921.666666666667,2009-10 - 2011-12,2544507.0,0.0
16,E12000002,In low income (below threshold),"Less than £1,500",population,148847.66666666666,2009-10 - 2011-12,6908744.333333334,2.0
17,E12000002,In low income (below threshold),No savings,population,780480.3333333334,2009-10 - 2011-12,6908744.333333334,11.0
18,E12000002,In low income (below threshold),"£1,500 but less than £3,000",population,59620.0,2009-10 - 2011-12,6908744.333333334,1.0
19,E12000002,In low income (below threshold),"£10,000 but less than £16,000",population,40077.666666666664,2009-10 - 2011-12,6908744.333333334,1.0
20,E12000002,In low income (below threshold),"£16,000 but less than £20,000",population,10319.0,2009-10 - 2011-12,6908744.333333334,0.0
21,E12000002,In low income (below threshold),"£20,000 or more",population,70698.66666666667,2009-10 - 2011-12,6908744.333333334,1.0
22,E12000002,In low income (below threshold),"£3,000 but less than £8,000",population,84412.0,2009-10 - 2011-12,6908744.333333334,1.0
23,E12000002,In low income (below threshold),"£8,000 but less than £10,000",population,21744.333333333332,2009-10 - 2011-12,6908744.333333334,0.0
32,E12000003,In low income (below threshold),"Less than £1,500",population,137793.66666666666,2009-10 - 2011-12,5171183.333333333,3.0
33,E12000003,In low income (below threshold),No savings,population,616918.3333333334,2009-10 - 2011-12,5171183.333333333,12.0
34,E12000003,In low income (below threshold),"£1,500 but less than £3,000",population,53778.666666666664,2009-10 - 2011-12,5171183.333333333,1.0
35,E12000003,In low income (below threshold),"£10,000 but less than £16,000",population,31580.0,2009-10 - 2011-12,5171183.333333333,1.0
36,E12000003,In low income (below threshold),"£16,000 but less than £20,000",population,10747.333333333334,2009-10 - 2011-12,5171183.333333333,0.0
37,E12000003,In low income (below threshold),"£20,000 or more",population,60604.0,2009-10 - 2011-12,5171183.333333333,1.0
38,E12000003,In low income (below threshold),"£3,000 but less than £8,000",population,83692.0,2009-10 - 2011-12,5171183.333333333,2.0
39,E12000003,In low income (below threshold),"£8,000 but less than £10,000",population,15985.333333333334,2009-10 - 2011-12,5171183.333333333,0.0
0,E12000001,In low income (below threshold),"Less than £1,500",population,61654.666666666664,2010-11 - 2012-13,2557598.0,2.0
1,E12000001,In low income (below threshold),No savings,population,302933.6666666667,2010-11 - 2012-13,2557598.0,12.0
2,E12000001,In low income (below threshold),"£1,500 but less than £3,000",population,18059.0,2010-11 - 2012-13,2557598.0,1.0
3,E12000001,In low income (below threshold),"£10,000 but less than £16,000",population,12367.0,2010-11 - 2012-13,2557598.0,0.0
4,E12000001,In low income (below threshold),"£16,000 but less than £20,000",population,1837.3333333333333,2010-11 - 2012-13,2557598.0,0.0
5,E12000001,In low income (below threshold),"£20,000 or more",population,27113.0,2010-11 - 2012-13,2557598.0,1.0
6,E12000001,In low income (below threshold),"£3,000 but less than £8,000",population,28324.0,2010-11 - 2012-13,2557598.0,1.0
7,E12000001,In low income (below threshold),"£8,000 but less than £10,000",population,4103.333333333333,2010-11 - 2012-13,2557598.0,0.0
16,E12000002,In low income (below threshold),"Less than £1,500",population,120623.33333333333,2010-11 - 2012-13,6952792.666666667,2.0
17,E12000002,In low income (below threshold),No savings,population,809796.0,2010-11 - 2012-13,6952792.666666667,12.0
18,E12000002,In low income (below threshold),"£1,500 but less than £3,000",population,50297.666666666664,2010-11 - 2012-13,6952792.666666667,1.0
19,E12000002,In low income (below threshold),"£10,000 but less than £16,000",population,34291.0,2010-11 - 2012-13,6952792.666666667,0.0
20,E12000002,In low income (below threshold),"£16,000 but less than £20,000",population,14127.666666666666,2010-11 - 2012-13,6952792.666666667,0.0
21,E12000002,In low income (below threshold),"£20,000 or more",population,82436.0,2010-11 - 2012-13,6952792.666666667,1.0
22,E12000002,In low income (below threshold),"£3,000 but less than £8,000",population,78599.33333333333,2010-11 - 2012-13,6952792.666666667,1.0
23,E12000002,In low income (below threshold),"£8,000 but less than £10,000",population,26061.0,2010-11 - 2012-13,6952792.666666667,0.0
32,E12000003,In low income (below threshold),"Less than £1,500",population,101346.66666666667,2010-11 - 2012-13,5210920.0,2.0
33,E12000003,In low income (below threshold),No savings,population,658813.6666666666,2010-11 - 2012-13,5210920.0,13.0
34,E12000003,In low income (below threshold),"£1,500 but less than £3,000",population,52669.0,2010-11 - 2012-13,5210920.0,1.0
35,E12000003,In low income (below threshold),"£10,000 but less than £16,000",population,32431.666666666668,2010-11 - 2012-13,5210920.0,1.0
36,E12000003,In low income (below threshold),"£16,000 but less than £20,000",population,10697.0,2010-11 - 2012-13,5210920.0,0.0
37,E12000003,In low income (below threshold),"£20,000 or more",population,55374.333333333336,2010-11 - 2012-13,5210920.0,1.0
38,E12000003,In low income (below threshold),"£3,000 but less than £8,000",population,74637.33333333333,2010-11 - 2012-13,5210920.0,1.0
39,E12000003,In low income (below threshold),"£8,000 but less than £10,000",population,15257.666666666666,2010-11 - 2012-13,5210920.0,0.0
0,E12000001,In low income (below threshold),"Less than £1,500",population,52368.0,2011-12 - 2013-14,2564275.3333333335,2.0
1,E12000001,In low income (below threshold),No savings,population,307207.0,2011-12 - 2013-14,2564275.3333333335,12.0
2,E12000001,In low income (below threshold),"£1,500 but less than £3,000",population,12246.333333333334,2011-12 - 2013-14,2564275.3333333335,0.0
3,E12000001,In low income (below threshold),"£10,000 but less than £16,000",population,14775.666666666666,2011-12 - 2013-14,2564275.3333333335,1.0
4,E12000001,In low income (below threshold),"£16,000 but less than £20,000",population,1563.3333333333333,2011-12 - 2013-14,2564275.3333333335,0.0
5,E12000001,In low income (below threshold),"£20,000 or more",population,25079.0,2011-12 - 2013-14,2564275.3333333335,1.0
6,E12000001,In low income (below threshold),"£3,000 but less than £8,000",population,30311.666666666668,2011-12 - 2013-14,2564275.3333333335,1.0
7,E12000001,In low income (below threshold),"£8,000 but less than £10,000",population,4811.0,2011-12 - 2013-14,2564275.3333333335,0.0
16,E12000002,In low income (below threshold),"Less than £1,500",population,114506.66666666667,2011-12 - 2013-14,6981386.0,2.0
17,E12000002,In low income (below threshold),No savings,population,814781.0,2011-12 - 2013-14,6981386.0,12.0
18,E12000002,In low income (below threshold),"£1,500 but less than £3,000",population,52471.333333333336,2011-12 - 2013-14,6981386.0,1.0
19,E12000002,In low income (below threshold),"£10,000 but less than £16,000",population,31757.0,2011-12 - 2013-14,6981386.0,0.0
20,E12000002,In low income (below threshold),"£16,000 but less than £20,000",population,10110.666666666666,2011-12 - 2013-14,6981386.0,0.0
21,E12000002,In low income (below threshold),"£20,000 or more",population,93181.66666666667,2011-12 - 2013-14,6981386.0,1.0
22,E12000002,In low income (below threshold),"£3,000 but less than £8,000",population,67550.0,2011-12 - 2013-14,6981386.0,1.0
23,E12000002,In low income (below threshold),"£8,000 but less than £10,000",population,21550.0,2011-12 - 2013-14,6981386.0,0.0
32,E12000003,In low income (below threshold),"Less than £1,500",population,109313.66666666667,2011-12 - 2013-14,5237269.666666667,2.0
33,E12000003,In low income (below threshold),No savings,population,631238.6666666666,2011-12 - 2013-14,5237269.666666667,12.0
34,E12000003,In low income (below threshold),"£1,500 but less than £3,000",population,42721.0,2011-12 - 2013-14,5237269.666666667,1.0
35,E12000003,In low income (below threshold),"£10,000 but less than £16,000",population,31985.333333333332,2011-12 - 2013-14,5237269.666666667,1.0
36,E12000003,In low income (below threshold),"£16,000 but less than £20,000",population,9028.666666666666,2011-12 - 2013-14,5237269.666666667,0.0
37,E12000003,In low income (below threshold),"£20,000 or more",population,49910.0,2011-12 - 2013-14,5237269.666666667,1.0
38,E12000003,In low income (below threshold),"£3,000 but less than £8,000",population,58911.666666666664,2011-12 - 2013-14,5237269.666666667,1.0
39,E12000003,In low income (below threshold),"£8,000 but less than £10,000",population,14559.333333333334,2011-12 - 2013-14,5237269.666666667,0.0
0,E12000001,In low income (below threshold),"Less than £1,500",population,47694.0,2012-13 - 2014-15,2567232.3333333335,2.0
1,E12000001,In low income (below threshold),No savings,population,320621.6666666667,2012-13 - 2014-15,2567232.3333333335,12.0
2,E12000001,In low income (below threshold),"£1,500 but less than £3,000",population,6607.666666666667,2012-13 - 2014-15,2567232.3333333335,0.0
3,E12000001,In low income (below threshold),"£10,000 but less than £16,000",population,16063.666666666666,2012-13 - 2014-15,2567232.3333333335,1.0
4,E12000001,In low income (below threshold),"£16,000 but less than £20,000",population,3274.3333333333335,2012-13 - 2014-15,2567232.3333333335,0.0
5,E12000001,In low income (below threshold),"£20,000 or more",population,26471.666666666668,2012-13 - 2014-15,2567232.3333333335,1.0
6,E12000001,In low income (below threshold),"£3,000 but less than £8,000",population,28989.0,2012-13 - 2014-15,2567232.3333333335,1.0
7,E12000001,In low income (below threshold),"£8,000 but less than £10,000",population,6485.333333333333,2012-13 - 2014-15,2567232.3333333335,0.0
16,E12000002,In low income (below threshold),"Less than £1,500",population,109020.33333333333,2012-13 - 2014-15,6995575.333333333,2.0
17,E12000002,In low income (below threshold),No savings,population,858393.3333333334,2012-13 - 2014-15,6995575.333333333,12.0
18,E12000002,In low income (below threshold),"£1,500 but less than £3,000",population,42900.333333333336,2012-13 - 2014-15,6995575.333333333,1.0
19,E12000002,In low income (below threshold),"£10,000 but less than £16,000",population,35415.333333333336,2012-13 - 2014-15,6995575.333333333,1.0
20,E12000002,In low income (below threshold),"£16,000 but less than £20,000",population,9572.666666666666,2012-13 - 2014-15,6995575.333333333,0.0
21,E12000002,In low income (below threshold),"£20,000 or more",population,101679.0,2012-13 - 2014-15,6995575.333333333,1.0
22,E12000002,In low income (below threshold),"£3,000 but less than £8,000",population,62789.0,2012-13 - 2014-15,6995575.333333333,1.0
23,E12000002,In low income (below threshold),"£8,000 but less than £10,000",population,21931.333333333332,2012-13 - 2014-15,6995575.333333333,0.0
32,E12000003,In low income (below threshold),"Less than £1,500",population,104287.66666666667,2012-13 - 2014-15,5250897.333333333,2.0
33,E12000003,In low income (below threshold),No savings,population,626108.3333333334,2012-13 - 2014-15,5250897.333333333,12.0
34,E12000003,In low income (below threshold),"£1,500 but less than £3,000",population,49063.666666666664,2012-13 - 2014-15,5250897.333333333,1.0
35,E12000003,In low income (below threshold),"£10,000 but less than £16,000",population,30354.333333333332,2012-13 - 2014-15,5250897.333333333,1.0
36,E12000003,In low income (below threshold),"£16,000 but less than £20,000",population,11273.0,2012-13 - 2014-15,5250897.333333333,0.0
37,E12000003,In low income (below threshold),"£20,000 or more",population,57841.333333333336,2012-13 - 2014-15,5250897.333333333,1.0
38,E12000003,In low income (below threshold),"£3,000 but less than £8,000",population,57688.333333333336,2012-13 - 2014-15,5250897.333333333,1.0
39,E12000003,In low income (below threshold),"£8,000 but less than £10,000",population,17909.666666666668,2012-13 - 2014-15,5250897.333333333,0.0
0,E12000001,In low income (below threshold),"Less than £1,500",population,42427.666666666664,2013-14 - 2015-16,2571506.0,2.0
1,E12000001,In low income (below threshold),No savings,population,318785.6666666667,2013-14 - 2015-16,2571506.0,12.0
2,E12000001,In low income (below threshold),"£1,500 but less than £3,000",population,9517.333333333334,2013-14 - 2015-16,2571506.0,0.0
3,E12000001,In low income (below threshold),"£10,000 but less than £16,000",population,14649.666666666666,2013-14 - 2015-16,2571506.0,1.0
4,E12000001,In low income (below threshold),"£16,000 but less than £20,000",population,4850.333333333333,2013-14 - 2015-16,2571506.0,0.0
5,E12000001,In low income (below threshold),"£20,000 or more",population,30898.333333333332,2013-14 - 2015-16,2571506.0,1.0
6,E12000001,In low income (below threshold),"£3,000 but less than £8,000",population,33194.333333333336,2013-14 - 2015-16,2571506.0,1.0
7,E12000001,In low income (below threshold),"£8,000 but less than £10,000",population,12016.666666666666,2013-14 - 2015-16,2571506.0,0.0
16,E12000002,In low income (below threshold),"Less than £1,500",population,124624.33333333333,2013-14 - 2015-16,7010837.333333333,2.0
17,E12000002,In low income (below threshold),No savings,population,828623.6666666666,2013-14 - 2015-16,7010837.333333333,12.0
18,E12000002,In low income (below threshold),"£1,500 but less than £3,000",population,42265.0,2013-14 - 2015-16,7010837.333333333,1.0
19,E12000002,In low income (below threshold),"£10,000 but less than £16,000",population,40222.333333333336,2013-14 - 2015-16,7010837.333333333,1.0
20,E12000002,In low income (below threshold),"£16,000 but less than £20,000",population,6459.0,2013-14 - 2015-16,7010837.333333333,0.0
21,E12000002,In low income (below threshold),"£20,000 or more",population,99131.33333333333,2013-14 - 2015-16,7010837.333333333,1.0
22,E12000002,In low income (below threshold),"£3,000 but less than £8,000",population,98050.33333333333,2013-14 - 2015-16,7010837.333333333,1.0
23,E12000002,In low income (below threshold),"£8,000 but less than £10,000",population,20525.0,2013-14 - 2015-16,7010837.333333333,0.0
32,E12000003,In low income (below threshold),"Less than £1,500",population,114071.66666666667,2013-14 - 2015-16,5263878.0,2.0
33,E12000003,In low income (below threshold),No savings,population,597469.3333333334,2013-14 - 2015-16,5263878.0,11.0
34,E12000003,In low income (below threshold),"£1,500 but less than £3,000",population,38690.333333333336,2013-14 - 2015-16,5263878.0,1.0
35,E12000003,In low income (below threshold),"£10,000 but less than £16,000",population,31128.666666666668,2013-14 - 2015-16,5263878.0,1.0
36,E12000003,In low income (below threshold),"£16,000 but less than £20,000",population,19616.333333333332,2013-14 - 2015-16,5263878.0,0.0
37,E12000003,In low income (below threshold),"£20,000 or more",population,70482.66666666667,2013-14 - 2015-16,5263878.0,1.0
38,E12000003,In low income (below threshold),"£3,000 but less than £8,000",population,62289.0,2013-14 - 2015-16,5263878.0,1.0
39,E12000003,In low income (below threshold),"£8,000 but less than £10,000",population,17464.333333333332,2013-14 - 2015-16,5263878.0,0.0
0,E12000001,In low income (below threshold),"Less than £1,500",population,42281.666666666664,2014-15 - 2016-17,2581494.0,2.0
1,E12000001,In low income (below threshold),No savings,population,329572.6666666667,2014-15 - 2016-17,2581494.0,13.0
2,E12000001,In low income (below threshold),"£1,500 but less than £3,000",population,11987.333333333334,2014-15 - 2016-17,2581494.0,0.0
3,E12000001,In low income (below threshold),"£10,000 but less than £16,000",population,13344.0,2014-15 - 2016-17,2581494.0,1.0
4,E12000001,In low income (below threshold),"£16,000 but less than £20,000",population,9363.0,2014-15 - 2016-17,2581494.0,0.0
5,E12000001,In low income (below threshold),"£20,000 or more",population,33503.0,2014-15 - 2016-17,2581494.0,1.0
6,E12000001,In low income (below threshold),"£3,000 but less than £8,000",population,37536.333333333336,2014-15 - 2016-17,2581494.0,1.0
7,E12000001,In low income (below threshold),"£8,000 but less than £10,000",population,10411.0,2014-15 - 2016-17,2581494.0,0.0
16,E12000002,In low income (below threshold),"Less than £1,500",population,126872.66666666667,2014-15 - 2016-17,7039806.666666667,2.0
17,E12000002,In low income (below threshold),No savings,population,866789.6666666666,2014-15 - 2016-17,7039806.666666667,12.0
18,E12000002,In low income (below threshold),"£1,500 but less than £3,000",population,52840.0,2014-15 - 2016-17,7039806.666666667,1.0
19,E12000002,In low income (below threshold),"£10,000 but less than £16,000",population,43102.333333333336,2014-15 - 2016-17,7039806.666666667,1.0
20,E12000002,In low income (below threshold),"£16,000 but less than £20,000",population,7540.333333333333,2014-15 - 2016-17,7039806.666666667,0.0
21,E12000002,In low income (below threshold),"£20,000 or more",population,94726.66666666667,2014-15 - 2016-17,7039806.666666667,1.0
22,E12000002,In low income (below threshold),"£3,000 but less than £8,000",population,104256.66666666667,2014-15 - 2016-17,7039806.666666667,1.0
23,E12000002,In low income (below threshold),"£8,000 but less than £10,000",population,25164.666666666668,2014-15 - 2016-17,7039806.666666667,0.0
32,E12000003,In low income (below threshold),"Less than £1,500",population,101024.0,2014-15 - 2016-17,5287718.0,2.0
33,E12000003,In low income (below threshold),No savings,population,586287.0,2014-15 - 2016-17,5287718.0,11.0
34,E12000003,In low income (below threshold),"£1,500 but less than £3,000",population,39450.0,2014-15 - 2016-17,5287718.0,1.0
35,E12000003,In low income (below threshold),"£10,000 but less than £16,000",population,34006.333333333336,2014-15 - 2016-17,5287718.0,1.0
36,E12000003,In low income (below threshold),"£16,000 but less than £20,000",population,23213.333333333332,2014-15 - 2016-17,5287718.0,0.0
37,E12000003,In low income (below threshold),"£20,000 or more",population,95071.66666666667,2014-15 - 2016-17,5287718.0,2.0
38,E12000003,In low income (below threshold),"£3,000 but less than £8,000",population,78506.0,2014-15 - 2016-17,5287718.0,1.0
39,E12000003,In low income (below threshold),"£8,000 but less than £10,000",population,17825.666666666668,2014-15 - 2016-17,5287718.0,0.0
0,E12000001,In low income (below threshold),"Less than £1,500",population,35078.666666666664,2015-16 - 2017-18,2590001.6666666665,1.0
1,E12000001,In low income (below threshold),No savings,population,318040.3333333333,2015-16 - 2017-18,2590001.6666666665,12.0
2,E12000001,In low income (below threshold),"£1,500 but less than £3,000",population,19237.666666666668,2015-16 - 2017-18,2590001.6666666665,1.0
3,E12000001,In low income (below threshold),"£10,000 but less than £16,000",population,12228.333333333334,2015-16 - 2017-18,2590001.6666666665,0.0
4,E12000001,In low income (below threshold),"£16,000 but less than £20,000",population,7775.0,2015-16 - 2017-18,2590001.6666666665,0.0
5,E12000001,In low income (below threshold),"£20,000 or more",population,35891.666666666664,2015-16 - 2017-18,2590001.6666666665,1.0
6,E12000001,In low income (below threshold),"£3,000 but less than £8,000",population,48007.333333333336,2015-16 - 2017-18,2590001.6666666665,2.0
7,E12000001,In low income (below threshold),"£8,000 but less than £10,000",population,14316.333333333334,2015-16 - 2017-18,2590001.6666666665,1.0
16,E12000002,In low income (below threshold),"Less than £1,500",population,129923.0,2015-16 - 2017-18,7080488.0,2.0
17,E12000002,In low income (below threshold),No savings,population,882412.3333333334,2015-16 - 2017-18,7080488.0,12.0
18,E12000002,In low income (below threshold),"£1,500 but less than £3,000",population,66732.0,2015-16 - 2017-18,7080488.0,1.0
19,E12000002,In low income (below threshold),"£10,000 but less than £16,000",population,38636.333333333336,2015-16 - 2017-18,7080488.0,1.0
20,E12000002,In low income (below threshold),"£16,000 but less than £20,000",population,8526.666666666666,2015-16 - 2017-18,7080488.0,0.0
21,E12000002,In low income (below threshold),"£20,000 or more",population,94925.66666666667,2015-16 - 2017-18,7080488.0,1.0
22,E12000002,In low income (below threshold),"£3,000 but less than £8,000",population,103575.33333333333,2015-16 - 2017-18,7080488.0,1.0
23,E12000002,In low income (below threshold),"£8,000 but less than £10,000",population,29817.666666666668,2015-16 - 2017-18,7080488.0,0.0
32,E12000003,In low income (below threshold),"Less than £1,500",population,110059.66666666667,2015-16 - 2017-18,5317222.666666667,2.0
33,E12000003,In low income (below threshold),No savings,population,583275.6666666666,2015-16 - 2017-18,5317222.666666667,11.0
34,E12000003,In low income (below threshold),"£1,500 but less than £3,000",population,41001.333333333336,2015-16 - 2017-18,5317222.666666667,1.0
35,E12000003,In low income (below threshold),"£10,000 but less than £16,000",population,43055.0,2015-16 - 2017-18,5317222.666666667,1.0
36,E12000003,In low income (below threshold),"£16,000 but less than £20,000",population,20264.666666666668,2015-16 - 2017-18,5317222.666666667,0.0
37,E12000003,In low income (below threshold),"£20,000 or more",population,104199.66666666667,2015-16 - 2017-18,5317222.666666667,2.0
38,E12000003,In low income (below threshold),"£3,000 but less than £8,000",population,95140.33333333333,2015-16 - 2017-18,5317222.666666667,2.0
39,E12000003,In low income (below threshold),"£8,000 but less than £10,000",population,13488.333333333334,2015-16 - 2017-18,5317222.666666667,0.0
0,E12000001,In low income (below threshold),"Less than £1,500",population,34575.0,2016-17 - 2018-19,2601238.6666666665,1.0
1,E12000001,In low income (below threshold),No savings,population,332965.3333333333,2016-17 - 2018-19,2601238.6666666665,13.0
2,E12000001,In low income (below threshold),"£1,500 but less than £3,000",population,18210.333333333332,2016-17 - 2018-19,2601238.6666666665,1.0
3,E12000001,In low income (below threshold),"£10,000 but less than £16,000",population,13370.333333333334,2016-17 - 2018-19,2601238.6666666665,1.0
4,E12000001,In low income (below threshold),"£16,000 but less than £20,000",population,7996.333333333333,2016-17 - 2018-19,2601238.6666666665,0.0
5,E12000001,In low income (below threshold),"£20,000 or more",population,38853.333333333336,2016-17 - 2018-19,2601238.6666666665,1.0
6,E12000001,In low income (below threshold),"£3,000 but less than £8,000",population,47908.666666666664,2016-17 - 2018-19,2601238.6666666665,2.0
7,E12000001,In low income (below threshold),"£8,000 but less than £10,000",population,8503.666666666666,2016-17 - 2018-19,2601238.6666666665,0.0
16,E12000002,In low income (below threshold),"Less than £1,500",population,133835.0,2016-17 - 2018-19,7131209.333333333,2.0
17,E12000002,In low income (below threshold),No savings,population,894086.3333333334,2016-17 - 2018-19,7131209.333333333,13.0
18,E12000002,In low income (below threshold),"£1,500 but less than £3,000",population,61952.666666666664,2016-17 - 2018-19,7131209.333333333,1.0
19,E12000002,In low income (below threshold),"£10,000 but less than £16,000",population,40057.333333333336,2016-17 - 2018-19,7131209.333333333,1.0
20,E12000002,In low income (below threshold),"£16,000 but less than £20,000",population,9499.333333333334,2016-17 - 2018-19,7131209.333333333,0.0
21,E12000002,In low income (below threshold),"£20,000 or more",population,113800.33333333333,2016-17 - 2018-19,7131209.333333333,2.0
22,E12000002,In low income (below threshold),"£3,000 but less than £8,000",population,85982.0,2016-17 - 2018-19,7131209.333333333,1.0
23,E12000002,In low income (below threshold),"£8,000 but less than £10,000",population,31488.666666666668,2016-17 - 2018-19,7131209.333333333,0.0
32,E12000003,In low income (below threshold),"Less than £1,500",population,108363.66666666667,2016-17 - 2018-19,5355687.666666666,2.0
33,E12000003,In low income (below threshold),No savings,population,640959.3333333334,2016-17 - 2018-19,5355687.666666666,12.0
34,E12000003,In low income (below threshold),"£1,500 but less than £3,000",population,51000.666666666664,2016-17 - 2018-19,5355687.666666666,1.0
35,E12000003,In low income (below threshold),"£10,000 but less than £16,000",population,41703.333333333336,2016-17 - 2018-19,5355687.666666666,1.0
36,E12000003,In low income (below threshold),"£16,000 but less than £20,000",population,13800.666666666666,2016-17 - 2018-19,5355687.666666666,0.0
37,E12000003,In low income (below threshold),"£20,000 or more",population,105166.33333333333,2016-17 - 2018-19,5355687.666666666,2.0
38,E12000003,In low income (below threshold),"£3,000 but less than £8,000",population,97455.66666666667,2016-17 - 2018-19,5355687.666666666,2.0
39,E12000003,In low income (below threshold),"£8,000 but less than £10,000",population,16892.333333333332,2016-17 - 2018-19,5355687.666666666,0.0
0,E12000001,In low income (below threshold),"Less than £1,500",population,124039.66666666667,2017-18 - 2019-20,2611726.6666666665,5.0
1,E12000001,In low income (below threshold),No savings,population,285654.3333333333,2017-18 - 2019-20,2611726.6666666665,11.0
2,E12000001,In low income (below threshold),"£1,500 but less than £3,000",population,19032.333333333332,2017-18 - 2019-20,2611726.6666666665,1.0
3,E12000001,In low income (below threshold),"£10,000 but less than £16,000",population,15751.666666666666,2017-18 - 2019-20,2611726.6666666665,1.0
4,E12000001,In low income (below threshold),"£16,000 but less than £20,000",population,8231.0,2017-18 - 2019-20,2611726.6666666665,0.0
5,E12000001,In low income (below threshold),"£20,000 or more",population,48627.333333333336,2017-18 - 2019-20,2611726.6666666665,2.0
6,E12000001,In low income (below threshold),"£3,000 but less than £8,000",population,45216.333333333336,2017-18 - 2019-20,2611726.6666666665,2.0
7,E12000001,In low income (below threshold),"£8,000 but less than £10,000",population,14274.0,2017-18 - 2019-20,2611726.6666666665,1.0
16,E12000002,In low income (below threshold),"Less than £1,500",population,272494.6666666667,2017-18 - 2019-20,7179643.333333334,4.0
17,E12000002,In low income (below threshold),No savings,population,743499.3333333334,2017-18 - 2019-20,7179643.333333334,10.0
18,E12000002,In low income (below threshold),"£1,500 but less than £3,000",population,59985.0,2017-18 - 2019-20,7179643.333333334,1.0
19,E12000002,In low income (below threshold),"£10,000 but less than £16,000",population,42770.666666666664,2017-18 - 2019-20,7179643.333333334,1.0
20,E12000002,In low income (below threshold),"£16,000 but less than £20,000",population,14546.333333333334,2017-18 - 2019-20,7179643.333333334,0.0
21,E12000002,In low income (below threshold),"£20,000 or more",population,110910.0,2017-18 - 2019-20,7179643.333333334,2.0
22,E12000002,In low income (below threshold),"£3,000 but less than £8,000",population,87934.0,2017-18 - 2019-20,7179643.333333334,1.0
23,E12000002,In low income (below threshold),"£8,000 but less than £10,000",population,29831.0,2017-18 - 2019-20,7179643.333333334,0.0
32,E12000003,In low income (below threshold),"Less than £1,500",population,219351.0,2017-18 - 2019-20,5386183.333333333,4.0
33,E12000003,In low income (below threshold),No savings,population,596497.3333333334,2017-18 - 2019-20,5386183.333333333,11.0
34,E12000003,In low income (below threshold),"£1,500 but less than £3,000",population,62504.333333333336,2017-18 - 2019-20,5386183.333333333,1.0
35,E12000003,In low income (below threshold),"£10,000 but less than £16,000",population,39210.333333333336,2017-18 - 2019-20,5386183.333333333,1.0
36,E12000003,In low income (below threshold),"£16,000 but less than £20,000",population,14139.333333333334,2017-18 - 2019-20,5386183.333333333,0.0
37,E12000003,In low income (below threshold),"£20,000 or more",population,102100.33333333333,2017-18 - 2019-20,5386183.333333333,2.0
38,E12000003,In low income (below threshold),"£3,000 but less than £8,000",population,94917.33333333333,2017-18 - 2019-20,5386183.333333333,2.0
39,E12000003,In low income (below threshold),"£8,000 but less than £10,000",population,16740.666666666668,2017-18 - 2019-20,5386183.333333333,0.0
0,E12000001,In low income (below threshold),"Less than £1,500",population,179718.0,2018-19 - 2021-22,2618460.3333333335,7.0
1,E12000001,In low income (below threshold),No savings,population,212658.66666666666,2018-19 - 2021-22,2618460.3333333335,8.0
2,E12000001,In low income (below threshold),"£1,500 but less than £3,000",population,20206.666666666668,2018-19 - 2021-22,2618460.3333333335,1.0
3,E12000001,In low income (below threshold),"£10,000 but less than £16,000",population,17852.333333333332,2018-19 - 2021-22,2618460.3333333335,1.0
4,E12000001,In low income (below threshold),"£16,000 but less than £20,000",population,9601.333333333334,2018-19 - 2021-22,2618460.3333333335,0.0
5,E12000001,In low income (below threshold),"£20,000 or more",population,46632.333333333336,2018-19 - 2021-22,2618460.3333333335,2.0
6,E12000001,In low income (below threshold),"£3,000 but less than £8,000",population,36747.333333333336,2018-19 - 2021-22,2618460.3333333335,1.0
7,E12000001,In low income (below threshold),"£8,000 but less than £10,000",population,9129.333333333334,2018-19 - 2021-22,2618460.3333333335,0.0
16,E12000002,In low income (below threshold),"Less than £1,500",population,406760.0,2018-19 - 2021-22,7212385.0,6.0
17,E12000002,In low income (below threshold),No savings,population,555751.3333333334,2018-19 - 2021-22,7212385.0,8.0
18,E12000002,In low income (below threshold),"£1,500 but less than £3,000",population,77850.0,2018-19 - 2021-22,7212385.0,1.0
19,E12000002,In low income (below threshold),"£10,000 but less than £16,000",population,42925.333333333336,2018-19 - 2021-22,7212385.0,1.0
20,E12000002,In low income (below threshold),"£16,000 but less than £20,000",population,14733.666666666666,2018-19 - 2021-22,7212385.0,0.0
21,E12000002,In low income (below threshold),"£20,000 or more",population,121286.0,2018-19 - 2021-22,7212385.0,2.0
22,E12000002,In low income (below threshold),"£3,000 but less than £8,000",population,100057.0,2018-19 - 2021-22,7212385.0,1.0
23,E12000002,In low income (below threshold),"£8,000 but less than £10,000",population,24552.333333333332,2018-19 - 2021-22,7212385.0,0.0
32,E12000003,In low income (below threshold),"Less than £1,500",population,305523.6666666667,2018-19 - 2021-22,5412344.0,6.0
33,E12000003,In low income (below threshold),No savings,population,467817.6666666667,2018-19 - 2021-22,5412344.0,9.0
34,E12000003,In low income (below threshold),"£1,500 but less than £3,000",population,66604.33333333333,2018-19 - 2021-22,5412344.0,1.0
35,E12000003,In low income (below threshold),"£10,000 but less than £16,000",population,32993.0,2018-19 - 2021-22,5412344.0,1.0
36,E12000003,In low income (below threshold),"£16,000 but less than £20,000",population,22084.0,2018-19 - 2021-22,5412344.0,0.0
37,E12000003,In low income (below threshold),"£20,000 or more",population,105691.33333333333,2018-19 - 2021-22,5412344.0,2.0
38,E12000003,In low income (below threshold),"£3,000 but less than £8,000",population,99153.0,2018-19 - 2021-22,5412344.0,2.0
39,E12000003,In low income (below threshold),"£8,000 but less than £10,000",population,25546.333333333332,2018-19 - 2021-22,5412344.0,0.0
0,E12000001,In low income (below threshold),"Less than £1,500",population,252020.5,2019-20 - 2021-22,2619901.0,10.0
1,E12000001,In low income (below threshold),No savings,population,142881.5,2019-20 - 2021-22,2619901.0,5.0
2,E12000001,In low income (below threshold),"£1,500 but less than £3,000",population,22386.0,2019-20 - 2021-22,2619901.0,1.0
3,E12000001,In low income (below threshold),"£10,000 but less than £16,000",population,20688.5,2019-20 - 2021-22,2619901.0,1.0
4,E12000001,In low income (below threshold),"£16,000 but less than £20,000",population,10429.5,2019-20 - 2021-22,2619901.0,0.0
5,E12000001,In low income (below threshold),"£20,000 or more",population,47329.0,2019-20 - 2021-22,2619901.0,2.0
6,E12000001,In low income (below threshold),"£3,000 but less than £8,000",population,36541.5,2019-20 - 2021-22,2619901.0,1.0
7,E12000001,In low income (below threshold),"£8,000 but less than £10,000",population,11923.0,2019-20 - 2021-22,2619901.0,0.0
16,E12000002,In low income (below threshold),"Less than £1,500",population,532737.5,2019-20 - 2021-22,7221958.0,7.0
17,E12000002,In low income (below threshold),No savings,population,423953.0,2019-20 - 2021-22,7221958.0,6.0
18,E12000002,In low income (below threshold),"£1,500 but less than £3,000",population,100620.0,2019-20 - 2021-22,7221958.0,1.0
19,E12000002,In low income (below threshold),"£10,000 but less than £16,000",population,41881.0,2019-20 - 2021-22,7221958.0,1.0
20,E12000002,In low income (below threshold),"£16,000 but less than £20,000",population,16934.5,2019-20 - 2021-22,7221958.0,0.0
21,E12000002,In low income (below threshold),"£20,000 or more",population,111605.0,2019-20 - 2021-22,7221958.0,2.0
22,E12000002,In low income (below threshold),"£3,000 but less than £8,000",population,101312.0,2019-20 - 2021-22,7221958.0,1.0
23,E12000002,In low income (below threshold),"£8,000 but less than £10,000",population,20680.5,2019-20 - 2021-22,7221958.0,0.0
32,E12000003,In low income (below threshold),"Less than £1,500",population,404171.5,2019-20 - 2021-22,5416455.0,7.0
33,E12000003,In low income (below threshold),No savings,population,311941.5,2019-20 - 2021-22,5416455.0,6.0
34,E12000003,In low income (below threshold),"£1,500 but less than £3,000",population,72865.0,2019-20 - 2021-22,5416455.0,1.0
35,E12000003,In low income (below threshold),"£10,000 but less than £16,000",population,34259.0,2019-20 - 2021-22,5416455.0,1.0
36,E12000003,In low income (below threshold),"£16,000 but less than £20,000",population,24729.0,2019-20 - 2021-22,5416455.0,0.0
37,E12000003,In low income (below threshold),"£20,000 or more",population,112769.5,2019-20 - 2021-22,5416455.0,2.0
38,E12000003,In low income (below threshold),"£3,000 but less than £8,000",population,103358.0,2019-20 - 2021-22,5416455.0,2.0
39,E12000003,In low income (below threshold),"£8,000 but less than £10,000",population,28498.0,2019-20 - 2021-22,5416455.0,1.0
